,product_name,price,skin_types
0,The Ordinary Natural Moisturising Factors + HA 30ml,£5.20,"oily, combination, dry"
1,CeraVe Facial Moisturising Lotion SPF 25 52ml,£13.00,"normal,dry,combination"
3,AMELIORATE Transforming Body Lotion 200ml,£22.50,"dry, sensitive"
4,CeraVe Moisturising Cream 454g,£16.00,"dry, sensitive"
5,CeraVe Moisturising Lotion 473ml,£15.00,"normal,dry,sensitive"
6,CeraVe Facial Moisturising Lotion No SPF 52ml,£13.00,"dry, sensitive"
7,The Ordinary Natural Moisturizing Factors + HA 100ml,£6.80,"dry, sensitive"
8,CeraVe Smoothing Cream 177ml,£12.00,"oily, combination, dry"
10,CeraVe Moisturising Cream 50ml,£4.00,"dry, sensitive"
11,CeraVe Moisturising Cream 340g,£13.00,"dry, sensitive"
12,First Aid Beauty Ultra Repair Cream (56.7g),£12.00,"dry,sensitive,normal"
14,Clinique Dramatically Different Moisturising Lotion+ 125ml with Pump,£30.00,dry
15,First Aid Beauty Ultra Repair Cream (170g),£25.00,"dry,sensitive"
16,Weleda Skin Food (75ml),£12.95,"dry, sensitive"
17,Neutrogena Hydro Boost City Shield SPF Moisturiser,£12.99,"combination, dry"
18,Egyptian Magic All Purpose Skin Cream 118ml/4oz,£30.00,"dry, sensitive"
20,CeraVe Moisturising Cream 177ml,£9.00,"dry, sensitive"
21,Embryolisse Lait-Crème Concentré (75ml),£20.00,"oily,combination,dry,sensitive"
27,Avène Tolérance Extrême Emulsion 50ml,£11.25,"dry, sensitive"
29,Embryolisse Lait-Crème Concentré (30ml),£13.00,"dry,normal,sensitive"
30,The Chemistry Brand Intense Youth Complex Hand Cream 100ml,£18.99,"dry, sensitive"
31,Avène Tolérance Extrême Cream 50ml,£15.00,"dry,sensitive"
32,La Roche-Posay Toleriane Ultra Overnight Moisturiser 40ml,£19.00,"dry, sensitive"
34,Elemis Pro-Collagen Marine Cream SPF30 50ml,£87.00,"normal,dry"
35,Avène Aqua Gel 50ml,£20.00,"dry,sensitive"
37,The INKEY List Snow Mushroom,£9.99,"normal,dry,sensitive"
38,Weleda Skin Food (30ml),£7.95,"dry, sensitive"
39,Egyptian Magic All Purpose Skin Cream 59ml/2oz,£20.00,"dry, sensitive"
40,La Roche-Posay Nutritic Intense Rich 50ml,£18.00,dry
45,Origins GinZing Ultra Hydrating Energy-Boosting Cream Moisturiser 50ml,£25.00,dry
46,Elizabeth Arden Eight Hour Cream Skin Protectant (50ml),£28.00,"normal,dry,combination"
47,PRAI AGELESS Throat & Decolletage Crème 50ml,£24.99,"dry,sensitive"
50,Mama Mio The Tummy Rub Butter 120ml - Fragrance Free,£24.00,"dry, sensitive"
51,Clinique Moisture Surge 72 Hour Auto Replenishing Hydrator 50ml,£37.00,"dry, dehydrated"
52,Elemis Pro-Collagen Marine Cream 50ml,£87.00,"normal,dry,sensitive"
53,La Roche-Posay Toleriane Ultra Fluid 40ml,£18.50,"dry, sensitive"
54,Clinique Moisture Surge 72-Hour Auto-Replenishing Hydrator 15ml,£12.00,"dry, sensitive"
55,Clinique for Men Moisturising Lotion 100ml,£25.40,"dry,normal"
59,Caudalie Vinosource Moisturising Sorbet 40ml,£23.00,"dry, sensitive"
61,The INKEY List Turmeric Moisturiser 30ml,£7.99,"dry,sensitive"
64,Avene Hydrance Hydrating Cream 40ml,£15.50,"dry, sensitive"
67,Estée Lauder Revitalising Supreme + Global Anti-ageing Cell Power Crème 30ml,£44.10,"dry, normal, combination"
68,The Chemistry Brand Heel Hydration Complex 100ml,£14.99,dry
69,Elizabeth Arden Visible Difference Refining Moisture Cream (75ml),£30.00,"normal,dry"
70,Antipodes Baptise H20 Ultra-Hydrating Water Gel 60ml,£25.58,"oily, dry, combination, sensitive"
71,L'Oréal Paris Dermo Expertise Triple Active Hydrating Night Moisturiser (50ml),£7.49,"dry, normal"
73,Dr.Jart+ Ceramidin Cream 50ml,£35.50,"dry, sensitive"
74,Erno Laszlo Phelityl Night Cream 50ml,£135.00,"oily,dry,normal"
75,Antipodes Avocado Pear Nourishing Night Cream 60ml,£34.99,"dry,sensitive"
76,Fade Out ADVANCED Even Skin Tone Night Cream 50ml,£9.99,"normal,dry,combination"
78,The INKEY List Peptide Moisturizer 50ml,£14.99,"dry, sensitive"
79,Clinique Moisture Surge Intense Skin Fortifying Hydrator 50ml,£37.00,"normal,dry,combination"
80,Clinique Moisture Surge 72-Hour Auto Replenishing Hydrator 30ml,£25.00,"dry, dehydrated, normal"
82,Murad Hydro-Dynamic™ Ultimate Moisture (50ml),£60.00,"dry, sensitive"
83,Clinique Redness Solutions Daily Relief Cream 50ml,£42.00,"Dry, sensitive"
84,DECLÉOR Hydra Floral Anti-Pollution Hydrating Rich Cream,£32.20,"dry, sensitive"
85,Elemis Pro-Collagen Oxygenating Night Cream 50ml,£99.00,dry
86,Weleda Skin Food 75ml - Light,£12.95,"dry,sensitive"
89,COSRX Advanced Snail 92 All in One Cream 100ml,£27.00,"oily,combination,dry,sensitive"
90,bareMinerals Butter Drench Intense Moisurising Day Cream,£32.00,dry
95,First Aid Beauty Coconut Skin Smoothie Priming Moisturiser,£20.50,"dry,sensitive"
96,Avène Rich Revitalizing Nourishing Cream 50ml,£17.50,"dry, sensitive"
97,REN Clean Skincare Evercalm Global Protection Day Cream,£34.00,"Dry,Sensitive"
101,Pai Skincare Chamomile and Rosehip Calming Day Cream 50ml,£38.00,"dry,sensitive"
102,Estée Lauder DayWear Anti-Oxidant 72H-Hydration Sorbet Creme SPF 15 50ml,£40.50,"dry, normal, combination"
106,Clinique for Men Anti-Age Moisturiser 100ml,£32.50,"normal, dry"
107,AMELIORATE Transforming Body Cream 225ml,£27.50,"dry, sensitive"
108,"JASON Age Renewal Vitamin E 25,000iu Cream (120g)",£9.99,"dry, sensitive"
109,Clinique Smart SPF 15 Custom Repair Moisturiser - Dry to Combination Skin - 50ml,£52.00,"dry,combination"
110,Mama Mio The Tummy Rub Butter 120ml - Lavender and Mint,£24.00,"dry, sensitive"
111,Neal's Yard Remedies Vitamin E and Avocado Night Cream 50g,£22.00,"dry, sensitive"
112,First Aid Beauty Ultra Repair Face Moisturiser (50ml),£20.00,"dry, sensitive, combination"
116,The Ordinary Buffet Supersize Serum 60ml,£24.40,"dry, combination, sensitive"
117,The Ordinary 100% Pycnogenol 5% 15ml,£8.90,dry
119,Estée Lauder Advanced Night Repair Synchronized Recovery Complex II 30ml,£52.20,"normal,dry,sensitive"
120,Estée Lauder Advanced Night Repair Synchronized Recovery Complex II 50ml,£70.20,"normal,dry,combination,sensitive"
123,Avene Hydrance Intense Serum 30ml,£20.00,dry
124,VICHY Minéral 89 Hyaluronic Acid Hydration Booster 50ml,£25.00,"normal,dry,sensitive"
128,Medik8 Hydr8 B5 Serum 30ml,£40.00,"normal,dry,sensitive"
130,By Terry Cellularose CC Serum 30ml (Various Shades),£61.00,"dry,sensitive"
132,NIOD Multi-Molecular Hyaluronic Complex 15ml,£25.00,"dry,sensitive"
133,Medik8 Crystal Retinal 6,£59.00,"normal,dry,combination"
134,PIXI Collagen and Retinol Serum 30ml,£26.00,"dry, mature"
135,Elizabeth Arden Ceramide Capsules Advanced (90 Capsules),£84.00,"dry, mature"
137,Tan-Luxe Super Glow Body Hyaluronic Self-Tan Serum 150ml,£35.00,"dry,sensitive"
139,La Roche-Posay Toleriane Ultra Cream,£18.50,"dry, sensitive"
142,VICHY Minéral 89 Hyaluronic Acid Hydration Booster 75ml,£30.00,"Normal, Dry"
146,Lancôme Advanced Génifique Eye and Lash Serum - Light Pearl 20ml,£44.55,dry
148,Sanctuary Spa Hyaluronic Wonder Oil Serum 30ml,£20.00,"dry, sensitive"
151,bareMinerals SkinLongevity Vital Power Infusion Serum 50ml,£48.00,"oily,combination,dry"
153,Elizabeth Arden Advanced Ceramide Capsules Daily Youth Restoring Eye Serum (60 Pack),£52.00,"dry, mature"
156,Origins Plantscription Anti-Aging Power Serum 50ml,£65.00,"oily,dry,combination,aging"
160,Caudalie VineActiv Glow Activating Anti-Wrinkle Serum 30ml,£36.00,"dry,sensitive"
161,Sukin Super Greens Recovery Serum 30ml,£13.95,"dry,sensitive"
162,Pai Skincare Back to Life Hydration Serum 30ml,£42.00,"dry,sensitive"
163,OSKIA Super 16 Serum (30ml),£90.00,"normal,dry,sensitive"
165,"Clinique Repairwear Laser Focus Smooths, Restores, Refines 50ml",£47.00,"normal,dry,combination"
166,DECLÉOR Aromessence Green Mandarin Essential Oil Serum 15ml,£38.50,"dry, combination, mature"
167,DECLÉOR Organic Aromessence Rose d'Orient Soothing Comfort Oil Serum,£36.40,"dry,sensitive"
169,Lancôme Advanced Génifique Youth Activating Serum 50ml,£75.15,"normal,dry,combination"
170,Lancôme Advanced Génifique Youth Activating Serum 75ml,£90.45,"oily,dry,combination,sensitive"
171,Lancôme Advanced Génifique Youth Activating Serum 115ml,£114.30,"normal, dry, combination"
173,Holika Holika 3 Seconds Starter (Hyaluronic Acid),£12.95,"dry, sensitive"
176,Elizabeth Arden SuperStart Skin Renewal Booster 50ml,£60.00,"dry,sensitive"
177,Lancôme Génifique Double Drop Serum 20ml,£54.00,"dry, combination"
181,Estée Lauder Perfectionist [CP+R] Wrinkle Lifting/Firming Serum 30ml,£55.80,"dry,sensitive"
182,DECLÉOR Aromessence Magnolia Youthful Oil Serum 15ml 0.5oz,£49.00,"dry,sensitive"
183,Murad Retinol Youth Renewal Serum Travel Size,£25.00,"dry, mature"
184,Caudalie Resvératrol Lift Firming Serum (30ml),£46.00,dry
187,PIXI Hydrating Milky Serum 30ml,£26.00,"dry, sensitive"
189,Zelens Z Hyaluron Hyaluronic Acid Complex Serum Drops 30ml,£55.00,"dry, sensitive"
191,Estée Lauder Perfectionist Pro Rapid Firm + Lift Serum Hexapeptide-8 50ml,£77.40,"dry, normal, combination, oily"
193,Too Faced Hangover Good in Bed Ultra-Hydrating Replenishing Serum 29ml,£32.00,"dry, dehydrated"
194,Elizabeth Arden Prevage Face Advanced Anti-Aging Serum (50ml),£170.00,"dry,normal,sensitive"
195,Liz Earle Superskin Face Serum 30ml Pump,£45.00,"dry,sensitive"
196,Sukin Purely Ageless Firming Serum 30ml,£19.95,"normal,dry"
197,Bobbi Brown Extra Repair Serum 30ml,£68.50,"dry, mature"
198,Indeed Labs Eysilix Serum 2 15ml,£19.99,"dry,sensitive"
199,Natio Advanced Lifting and Firming Serum (30ml),£15.20,"dry, sensitive"
200,Holika Holika 3 Seconds Starter (Collagen),£12.95,"oily,dry,combination,sensitive"
201,REN Clean Skincare Keep Young and Beautiful Instant Firming Beauty Shot,£42.00,"normal, dry"
204,Neal's Yard Remedies Beauty Sleep Concentrate 30ml,£35.00,dry
205,L'Oreal Paris Dermo Expertise Revitalift Laser Renew Anti-ageing Triple Action Super Serum (30ml),£24.99,"dry,sensitive"
206,ELEMIS Pro-Collagen Definition Face and Neck Serum 30ml,£92.00,"dry, mature"
208,Aurelia Skincare Firm & Replenish Body Serum 250ml,£38.40,"dry,sensitive"
209,Chantecaille Vital Essence 50ml,£96.00,"dry,sensitive"
211,Omorovicza Instant Perfection Serum (30ml),£87.00,"normal,dry"
213,FOREO 'Serum Serum Serum' Micro-Capsule Youth Preserve,£49.00,"dry,sensitive"
214,Aveda Hand Relief Night Renewal Serum 30ml,£27.00,"normal, dry"
215,Sukin Hydration Biomarine Facial Serum 30ml,£19.95,"dry, dehydrated, sensitive"
220,Zelens Youth Concentrate Supreme Age-Defying Serum (30ml),£160.00,"dry, mature"
221,Darphin Hydraskin Serum 30ml,£48.00,"dry,sensitive"
222,L'Oréal Paris Revitalift Filler + Hyaluronic Acid Replumping Serum 16ml,£19.99,"dry, combination"
224,L'Oréal Paris Age Perfect Nutrition Intense Supreme Repairing Serum,£14.99,"dry, mature"
225,Green People Age Defy+ Line Eraser Lip & Eye Serum (10ml),£27.60,"dry,sensitive"
228,DHC Deep Cleansing Oil 30ml,£5.00,"dry, sensitive"
230,DHC Deep Cleansing Oil 200ml,£24.00,dry
231,Pai Skincare Rosehip BioRegenerate Oil 30ml,£24.00,"dry, sensitive"
233,"The Ordinary ""B"" Oil 30ml",£9.00,"dry, sensitive"
234,The Ordinary 100% Cold Pressed Virgin Marula Oil 30ml,£8.40,"dry, sensitive"
235,Caudalie Make-Up Removing Cleansing Oil 150ml,£18.00,dry
236,NUXE Huile Prodigieuse Multi Usage Dry Oil 50ml,£18.50,dry
237,NUXE Huile Prodigieuse Multi Usage Dry Oil 100ml,£29.50,"dry, sensitive"
238,Face by Skinny Tan Moisturising Oil Drops 30ml,£14.99,"dry, normal"
239,The Ordinary 100% Organic Virgin Chia Seed Oil,£6.00,dry
240,Mama Mio The Tummy Rub Oil 120ml,£27.00,"dry,sensitive"
241,NUXE Huile Prodigieuse Golden Shimmer Multi Usage Dry Oil 50ml,£22.50,dry
242,"JASON Vitamin E 5,000iu Oil - All Over Body Nourishment 118ml",£7.49,dry
243,Elizabeth Arden Eight Hour All-Over Miracle Oil (100ml),£29.00,"dry,sensitive"
244,Elemis Superfood Facial Oil 15ml,£45.00,"dry,normal"
245,bareMinerals OIL OBSESSED Oil Cleanser,£24.00,dry
246,Bondi Sands Liquid Gold Self Tanning Oil 150ml,£11.99,"oily, dry"
247,Indeed Labs Squalane Facial Oil 30ml,£19.99,dry
248,TanOrganic Self-Tanning Oil - Brown (100ml),£18.74,"normal,dry"
250,Mama Mio The Tummy Rub Oil 200ml,£35.00,"dry, sensitive"
251,NUXE Sun Tanning Oil Face and Body SPF 30 (150ml),£19.50,"normal, dry"
252,Sarah Chapman Skinesis Supersize Overnight Facial Oil 30ml,£84.00,dry
253,"JASON Vitamin E 32,000iu Oil - Scar & Stretch Mark Treatment 30ml",£9.49,"dry, mature"
254,Bondi Sands Everyday Liquid Gold Gradual Tanning Oil 270ml,£11.19,"dry,normal"
255,Trilogy Certified Organic Rosehip Oil 20ml,£19.50,dry
256,Elizabeth Arden Ceramide Cleansing Face Oil (195ml),£25.00,dry
257,Trilogy Certified Organic Rosehip Oil 45ml,£34.50,"dry, sensitive"
258,BBB London Luscious Lash Oil 7.5ml,£24.00,"dry, sensitive"
259,PIXI Rose Oil Blend 30ml,£26.00,"dry,sensitive"
261,Sukin Rose Hip Oil (25ml),£13.95,"dry, aging"
262,Sanctuary Spa 10-in-1 Super Secret Facial Oil 30ml,£20.00,"dry,sensitive,aging"
263,REN Clean Skincare Bio Retinoid Anti-Wrinkle Concentrate Oil,£47.00,"dry, mature"
264,BBB London Nourishing Brow Oil 11ml,£22.00,"normal,dry"
265,Sanctuary Spa Melt Away Cleansing Oil 150ml,£12.00,dry
266,DECLÉOR Aroma Nutrition Softening Dry Oil (100ml),£28.00,"dry, sensitive"
267,Elemis Pro-Collagen Marine Oil 15ml,£67.00,"Dry, combination"
269,The Chemistry Brand Glow Oil 100ml,£20.00,dry
270,Sanctuary Spa Overnight Replenishing Miracle Oil 30ml,£20.00,"dry, sensitive"
272,L’Oréal Paris Extraordinary Oil Sleeping Oil Night Cream (50ml),£14.99,dry
273,REN Clean Skincare Vita Mineral Omega 3 Optimum Skin Oil,£28.00,dry
275,PIXI Jasmine Oil Blend 30ml,£26.00,"dry,sensitive"
276,Freezeframe Stretch Mark Eraser 80ml,£31.97,"dry,sensitive"
277,MONU Firming Fiji Facial Oil (180ml),£26.95,"normal, dry"
280,Darphin The Revitalising Oil (50ml),£25.00,"dry, mature"
281,Balance Me Radiance Face Oil 30ml,£24.00,"dry,sensitive"
282,AromaWorks Rejuvenate Face Serum Oil 30ml,£14.99,"dry, mature"
283,Peter Thomas Roth Oiless Oil 100% Purified Squalane,£32.00,dry
285,Aurelia Probiotic Skincare Cell Repair Night Oil 50ml,£49.60,"dry,sensitive"
286,Garnier Organic Lavandin Glow Oil 30ml,£11.99,dry
287,Moroccanoil Shimmering Body Oil 50ml,£37.00,dry
288,LIXIRSKIN Night Switch Essential Lipids 15ml,£24.00,dry
289,Trilogy Rosehip Oil Antioxidant+ 30ml,£31.50,"dry, sensitive"
291,Manuka Doctor 24K Gold & Manuka Honey Face Oil 12ml,£15.99,dry
292,Natio Ageless Rosehip Oil Cold Pressed 15ml,£13.60,"dry, mature"
293,Weleda Almond Soothing Facial Oil (50ml),£18.95,"dry, sensitive"
295,DHC Olive Virgin Oil (30ml),£36.50,dry
296,Manuka Doctor Replenishing Facial Oil 25ml,£20.99,"dry, sensitive"
297,Elemis Pro-Definition Facial Oil 15ml,£67.00,"dry, mature"
298,First Aid Beauty Ultra Repair Oat & Cannabis Sativa Seed Oil 30ml,£30.00,"dry,sensitive"
299,Estée Lauder Revitalizing Supreme+ Nourishing and Hydrating Dual Phase Treatment Oil 30ml,£44.10,"dry, sensitive"
300,Bobbi Brown Extra Face Oil 30ml,£46.50,"dry, sensitive"
301,Manuka Doctor ApiRefine Shake and Roll Lip Oil 10ml,£16.99,"dry,sensitive"
302,Darphin Rose Hydra-Nourishing Aromatic Care Oil 15ml,£42.00,"dry, sensitive"
303,Rodial Pink Diamond Oil 30ml,£75.00,"dry,sensitive"
305,PIXI Glow Mist 80ml,£16.00,"dry, normal, combination"
308,Neutrogena Hydro Boost Express Hydrating Spray 200ml,£5.49,"dry, dehydrated"
309,PIXI Hydrating Milky Mist 80ml,£18.00,"dry, sensitive"
310,Garnier Ambre Solaire Natural Bronzer Quick Drying Dark Self Tan Face Mist 75ml,£5.00,"normal,dry"
314,Omorovicza Queen Of Hungary Mist (100ml),£59.00,"dry,sensitive"
315,Lumene Nordic Hydra Lähde Arctic Spring Water Enriched Facial Mist 50ml,£6.50,"dry, sensitive"
318,Revolution Skincare Hyaluronic Essence Spray 100ml,£6.00,"dry,sensitive"
319,NUXE Huile Prodigieuse Florale Mist 100ml,£29.50,dry
320,PIXI Vitamin Wakeup Mist 80ml,£16.00,"combination,dry,normal"
322,Lumene Nordic Hydra [Lähde] Arctic Spring Water Enriched Facial Mist 100ml,£12.00,"dry,sensitive"
324,Elizabeth Arden Eight Hour Miracle Hydrating Mist 100ml,£21.00,"normal,dry,sensitive"
326,Dermalogica Age Smart Antioxidant Hydramist 150ml,£36.00,"normal, dry"
330,Peter Thomas Roth Water Drench Hydrating Toner Mist 150ml,£21.56,"dry, sensitive"
331,Elemis Pro-Collagen Rose Hydro-Mist 50ml,£43.00,"dry, sensitive"
350,Pestle & Mortar Balance Facial Spritz,£28.00,"dry,sensitive"
351,DHC Super Collagen Mist 50ml,£20.00,"normal,dry"
352,Revolution Skincare Superfruit Essence Spray 100ml,£6.00,"oily,dry,sensitive"
355,Zelens PROVITAMIN D Fortifying Facial Mist 50ml,£55.00,"Normal, dry, sensitive"
356,Emma Hardie Plump and Glow Hydrating Mist 90ml,£42.00,"dry,sensitive"
358,Holika Holika Good Cera Super Ceramide Mist,£17.95,"dry,sensitive"
359,Piz Buin After Sun Instant Relief Mist Spray,£14.50,dry
361,Sarah Chapman Skinesis Liquid Facial D-Stress 75ml,£42.00,"dry, sensitive"
363,Jurlique Calendula Redness Rescue Calming Mist (100ml),£35.00,"dry,sensitive"
364,Lumene Nordic C [Valo] Glow Refresh Hydrating Mist 100ml,£17.90,"oily,dry,combination,sensitive"
367,ARK Skincare Hydrating Beauty Mist 150ml,£25.00,"dry,sensitive"
368,BBB London Rosewater Mist 50ml,£22.00,"normal,dry,sensitive"
370,Laura Mercier Perfecting Water Moisture Mist 200ml,£31.00,"dry,sensitive"
372,Mauli Supreme Skin Rose Mist,£36.00,"normal,dry,sensitive"
376,Löwengrip Moisture on the go Facial Mist 100ml,£16.00,"normal,dry,sensitive"
377,Armani Prima Mist 100ml,£34.00,"normal, dry"
378,The Ritual of Namasté Urban Hydrating Mist 100ml,£19.90,"dry,sensitive"
381,Natura Bissé Tolerance Toner 200ml,£46.00,"dry,sensitive"
384,Clinique Take The Day Off Cleansing Balm 125ml,£25.00,dry
385,NUXE Baume Levres Reve De Miel - Honey Lip Balm (15g),£10.00,"dry, sensitive"
387,ELEMIS Pro-Collagen Rose Cleansing Balm 105g,£44.00,"dry, sensitive"
388,Burt's Bees Beeswax Lip Balm Tube 4.25g,£3.99,dry
389,La Roche-Posay Cicaplast Baume B5 Soothing Repairing Balm 100ml,£14.00,"Dry,Sensitive"
391,Burt's Bees Pomegranate Lip Balm Tube 4.25g,£3.99,dry
392,Dr. PAWPAW Outrageous Orange Balm 25ml,£4.00,dry
393,Lanolips 101 Ointment Multi-Balm - Coconutter 10g,£8.99,dry
394,DECLÉOR Aromessence Neroli Amara Night Balm 15ml,£32.20,dry
395,Burt's Bees Honey Lip Balm Tube 4.25g,£3.99,dry
396,AMELIORATE Intensive Lip Treatment 15ml,£15.00,"dry,sensitive"
397,Burt's Bees Lip Balm - Ultra Conditioning 4.25g,£3.99,dry
398,Burt's Bees Lip Balm - Mango Lip Balm Tubes 4.25g,£3.99,"dry, sensitive"
399,Maybelline Baby Lips Cherry Me,£3.99,dry
400,Omorovicza Perfecting Lip Balm (10ml),£34.00,dry
401,DECLÉOR Aromessence Ylang Ylang Night Balm 15ml,£31.50,"dry, sensitive"
402,Mama Mio Keep Calm Nipple Balm 30ml,£12.00,"dry,sensitive"
403,yes to Coconut Cleansing Balm 120g,£9.99,dry
404,Lanolips Rose Gold 101 Ointment For Lips + Cheeks 9g,£13.00,dry
405,Frank Body Lip Balm Original 15ml,£6.95,"dry,sensitive"
407,Rituals The Ritual of Sakura Hand Balm 175ml,£9.90,"dry, sensitive"
408,Lanolips 101 Ointment Multi-Balm - Peach 10g,£8.99,dry
409,DECLÉOR Green Mandarin Night Balm 15ml,£35.00,"dry,sensitive"
410,Weleda Lip Balm (4.8g),£4.95,dry
412,Balance Me Cleanse and Smooth Face Balm 125ml,£16.00,"dry,sensitive"
413,First Aid Beauty Ultra Repair Intensive Lip Balm (10g),£16.00,"dry, sensitive"
414,Dr. PAWPAW Original Balm 100ml,£18.99,"dry,sensitive"
415,Dr Hauschka Lip Balm 4.5ml,£10.50,"dry, sensitive"
416,By Terry Baume de Rose Flaconnette 7ml,£32.50,dry
417,DECLÉOR Aromessence Magnolia Youthful Night Balm 15ml,£46.20,"dry, mature"
418,REN Rosa Centifolia No.1 Purity Cleansing Balm,£23.00,"dry,sensitive"
419,Dr. PAWPAW Hot Pink Balm 25ml,£6.95,"dry, sensitive"
420,Lanolips Tinted SPF30 Balm - Red Apple 12.5g,£8.99,dry
421,Spa Magik Organiks Wrinkle Therapy Moisture Melt Cleansing Balm 100ml,£14.95,"dry,sensitive"
422,Uriage Xémose Anti-Itch Soothing Oil Balm 500ml,£20.89,"dry, sensitive"
424,Jurlique Rose Love Balm (15ml),£12.00,"dry,sensitive"
425,Aurelia Probiotic Skincare Refine and Polish Miracle Balm 75ml,£45.60,"dry,sensitive"
426,Rituals The Ritual of Ayurveda Hand Balm 175ml,£9.90,"dry,sensitive"
428,Indeed Labs Watermelon Melting Balm 100ml,£24.99,dry
429,DECLÉOR Cica-Botanic Balm,£24.50,"dry,sensitive"
430,OSKIA Micro Exfoliating Balm - 50ml,£52.00,"dry,sensitive"
431,Laura Mercier Infusion de Rose Lip Balm 3.4g,£17.00,dry
432,Oh K! SOS Soothing Facial Balm 100ml,£8.00,"dry, sensitive"
433,By Terry Baume De Rose Nutri-Couleur Lip Balm 7g,£36.00,dry
434,MONU Recovery Balm (50ml),£32.00,"dry, sensitive"
436,Darphin Aromatic Cleansing Balm with Rosewood 125ml,£75.00,dry
437,Holika Holika Good Cera Super Ceramide Moisture Balm 40ml,£21.95,"dry,sensitive"
438,Garnier Organic Argan Rescue Balm 50ml,£9.99,dry
439,Menaji Lip Balm Agent (0.15oz./4.2g),£4.33,dry
441,The Ritual of Namasté Restoring Night Balm 50ml,£39.90,dry
442,yes to Cucumbers Exfoliating Cleansing Balm 120g,£9.99,"dry,sensitive"
443,Clinique Superbalm Lip Treatment 7ml,£14.00,"Dry, sensitive"
444,Alchimie Forever Dry Skin Balm,£17.85,dry
446,APIVITA Express Moisturizing & Soothing Face Mask - Prickly Pear 2x8ml,£5.50,"dry,sensitive"
447,PIXI PLUMP Collagen Boost Sheet Mask (Pack of 3),£10.00,"dry,sensitive"
448,Benton Aloe Soothing Mask Pack -1 Ea,£2.00,"dry,sensitive"
449,Holika Holika Pure Essence Mask Sheet - Cucumber,£1.95,"dry, sensitive"
450,Holika Holika Pure Essence Mask Sheet - Avocado,£1.95,"dry,sensitive"
451,Antipodes Aura Manuka Honey Mask 75ml,£26.99,dry
453,Holika Holika Pure Essence Mask Sheet - Pearl,£1.95,"dry,sensitive"
455,Garnier Hyaluronic Acid and Coconut Water Hydrating Replumping Eye Sheet Mask 6g,£2.99,"dry,sensitive"
456,Ambre Solaire After Sun Cooling Hyaluronic Acid Face Sheet Mask 32g,£2.50,"oily,dry,sensitive"
459,Garnier Moisture Bomb Camomile Hydrating Face Sheet Mask for Dry and Sensitive Skin 32g,£2.99,"dry,sensitive"
460,Holika Holika Pure Essence Mask Sheet - Strawberry,£1.95,"dry, sensitive"
462,APIVITA Express Intense Moisturizing Face Mask - Cucumber 2x8ml,£4.00,"dry,sensitive"
463,APIVITA Express Moisturizing Face Mask - Sea Lavender 2x8ml,£4.00,"dry,sensitive"
464,APIVITA Express Radiance Face Mask - Orange 2x8ml,£4.00,"dry,sensitive"
465,Holika Holika Pure Essence Mask Sheet - Damask Rose,£1.95,"dry,sensitive"
466,Garnier Moisture Bomb Lavender Hydrating Face Sheet Mask for Fatigued Skin 32g,£2.99,"dry, dehydrated"
467,Holika Holika Baby Silky Foot Mask Sheet,£3.95,"dry,normal"
469,Garnier Moisture Bomb Sakura Hydrating Face Sheet Mask for Dull Skin 32g,£2.99,dry
471,BeautyPro Brightening Collagen Sheet Mask with Vitamin C,£4.95,"dry,sensitive"
472,AHAVA Single Use 24K Gold Mineral Mud Mask 6ml,£2.36,"dry,sensitive"
474,First Aid Beauty Ultra Repair Instant Oatmeal Mask (56.7g),£20.00,"dry,sensitive"
475,Holika Holika Pure Essence Mask Sheet - Acai Berry,£1.95,"dry, sensitive"
477,Dermalogica Age Smart Multivitamin Power Recovery Masque 75ml,£44.55,"dry, mature"
478,Garnier Fresh-Mix Brightening Face Sheet Shot Mask with Vitamin C 33g,£3.99,"dry, sensitive"
479,Holika Holika Pure Essence Mask Sheet - Lemon,£1.95,"dry,sensitive"
480,APIVITA Express Radiance Face Mask - Pomegranate 2x8ml,£4.00,"dry,sensitive"
481,"Dear, Klairs Rich Moist Soothing Tencel Sheet Mask 25ml",£3.00,"dry,sensitive"
482,Clinique Moisture Surge Overnight Mask 100ml,£32.00,"dry, normal"
486,Garnier Fresh-Mix Replumping Face Sheet Shot Mask with Hyaluronic Acid 33g,£3.99,"normal, dry"
488,AHAVA Single Use Overnight Deep Wrinkle Mask 6ml,£2.36,dry
491,APIVITA Express Moisturizing Face Mask - Aloe 2 x 8ml,£4.00,"dry,sensitive"
494,Neutrogena Hydro Boost Hydrogel Recovery Mask 30ml,£5.49,"dry, sensitive"
495,Garnier Moisture Bomb Deep Sea Water & Hyaluronic Acid Night-Time Eye Tissue Mask 6g,£2.99,dry
497,APIVITA Express Firming Face Mask - Royal Jelly 2x8ml,£5.50,"dry,sensitive"
499,Clinique Moisture Surge Overnight Mask 15ml,£7.00,"dry, sensitive"
506,COSRX Ultimate Nourishing Rice Overnight Spa Mask 60ml,£23.00,"dry, sensitive"
507,REN Clean Skincare Evercalm Ultra Comforting Rescue Mask,£32.00,"dry,sensitive"
508,Erno Laszlo Multi-Task Eye Serum Mask (6 Pack),£35.00,"dry,sensitive"
509,Holika Holika Baby Silky Hand Mask Sheet,£3.95,"dry, sensitive"
510,Avène Soothing Radiance Mask 50ml,£13.00,"dry,sensitive"
512,Garnier Ultralift Anti Ageing Radiance Boosting Face Sheet Mask 32g,£3.99,"normal,dry"
513,FOREO UFO Activated Masks - Call It a Night (7 Pack),£9.99,"dry,normal"
515,Peter Thomas Roth Cucumber Hydra-Gel Eye Masks 60 masks,£41.00,"dry,sensitive"
516,APIVITA Express Moisturizing Face Mask - Honey 2x8ml,£4.00,"dry, sensitive"
518,Chantecaille Bio Lift Mask - 50ml,£148.00,"dry,sensitive"
519,Rodial Dragon's Blood Eye Mask Single,£6.00,"dry, sensitive"
520,BeautyPro CBD Oil Infused Sheet Mask 22ml,£5.95,"dry,sensitive"
524,Holika Holika Skin Rescuer Mask Sheet - Collagen,£3.95,"dry,sensitive"
526,FARMACY Honey Potion Renewing Antioxidant Hydration Mask,£36.00,"dry, normal, combination"
531,MAGICSTRIPES Lifting Collagen Mask (1 Mask),£8.00,"dry, mature"
532,NIOD Voicemail Masque 50ml,£30.00,"dry, sensitive"
533,NIP+FAB Retinol Fix Sheet Mask 10g,£7.95,"dry, aging"
535,Filorga Hydra-Filler Mask 23g,£10.00,"dry, dehydrated"
537,MAGICSTRIPES Chin & Cheek Lifting Mask (1 Mask),£10.00,"dry, aging"
538,Neutrogena Purifying Boost Hydrogel Recovery Mask 30ml,£3.99,"normal,dry,sensitive"
539,APIVITA Express Line Reducing Face Mask - Grape 2x8ml,£4.00,"dry,sensitive"
540,PIXI Collagen Plumping Mask 45ml,£18.00,"dry, mature"
541,FOREO UFO Activated Masks - Make My Day (7 Pack),£9.99,"combination, dry, sensitive"
542,Elemis Pro-Collagen Hydra-Gel Eye Mask (Pack of 6),£52.00,"dry, mature"
546,BeautyPro Nourishing Collagen Sheet Mask with Olive Extract,£4.95,"dry,sensitive"
547,Oh K! Chok Chok Smoothing Undereye Mask 2 x 1.5g,£4.25,"dry, sensitive"
549,BeautyPro THERMOTHERAPY Warming Gold Foil Mask 30g,£5.95,"dry,sensitive"
552,Chantecaille Jasmine & Lily Healing Mask,£75.00,"dry,sensitive"
555,La Roche-Posay Hydraphase Intense Masque 50ml,£18.00,dry
557,AHAVA Single Use Hydration Cream Mask 8ml,£2.36,dry
559,Shiseido Benefiance Pure Retinol Express Smoothing Eye Mask x 12 Sachets,£62.00,"dry,sensitive"
561,Holika Holika Skin Rescuer Mask Sheet - Vita C,£3.95,"dry,sensitive"
563,APIVITA Moisturizing Face Mask - Aloe 50ml,£12.30,"dry,sensitive"
564,Project Lip Mask,£3.95,"dry,sensitive"
565,AHAVA Uplifting & Firming Sheet Mask,£6.30,"normal,dry,sensitive"
574,PIXI Peel and Polish,£24.00,"normal,dry,sensitive"
595,Mavala Skin Vitality Beauty Enhancing Micro-Peel 65ml,£17.00,"normal,dry,sensitive"
601,CeraVe Eye Repair Cream 14ml,£12.00,"dry, sensitive"
603,Avène Soothing Eye Contour Cream 10ml,£10.00,"dry, sensitive"
604,Bobbi Brown Extra Eye Repair Cream 15ml,£48.50,"dry, mature"
605,Antipodes Kiwi Seed Oil Eye Cream 30ml,£27.99,dry
606,La Roche-Posay Toleriane Ultra Eyes (20ml),£16.00,"dry,sensitive"
607,Bobbi Brown Hydrating Eye Cream 15ml,£33.50,dry
608,First Aid Beauty Skin Lab Retinol Eye Cream with Triple Hyaluronic Acid 15ml,£34.00,"dry,sensitive"
610,Clinique All About Eyes Eye Cream 15ml,£27.50,"dry, sensitive"
611,Clinique Moisture Surge Eye 96-Hour Hydro-Filler Concentrate 15ml,£27.50,"dry, sensitive"
612,VICHY Minéral 89 Eyes Hyaluronic Acid +Caffeine 15ml,£20.00,"dry,sensitive"
615,PIXI Retinol Eye Cream 25ml,£22.00,"dry,sensitive"
616,Elemis Pro-Collagen Advanced Eye Treatment (15ml),£46.00,"Dry, combination"
617,L’Oréal Paris Revitalift Filler Renew Eye Cream (15ml),£19.99,dry
618,Bulldog Age Defence Eye Roll-On 15ml,£7.50,dry
619,La Roche-Posay Hydraphase Intense Eyes 15ml,£16.00,"Dry, sensitive"
620,Balance Me Wonder Eye Cream 15ml,£16.00,"Normal, dry, sensitive"
622,Fade Out Advanced Even Skin Tone Eye Defence Cream 15ml,£9.99,"oily,dry,combination,sensitive"
623,Estée Lauder Advanced Night Repair Matrix Synchronized Recovery Eye Concentrate 15ml,£44.10,"Dry,Sensitive"
624,L'Oréal Paris Dermo Expertise Revitalift Anti-Wrinkle + Firming Eye Cream (15ml),£11.49,"dry, mature"
625,DHC Revitalizing Moisture Strip: Eyes - 6 Applications,£9.00,"dry,sensitive"
626,Lancôme Advanced Génifique Eye Care 15ml,£39.15,"oily,dry,sensitive"
627,La Roche-Posay Hyalu B5 Eyes 15ml,£25.50,"dry, sensitive"
629,Elemis Pro-Collagen Eye Renewal 15ml,£69.00,"Dry, mature"
630,Medik8 Advanced Night Eye 15ml,£36.00,"oily,dry,sensitive,combination"
631,GLAMGLOW Bright Eyes Cream 15ml,£29.00,"dry,sensitive"
632,PIXI 24K Eye Elixir 10ml,£22.00,"oily, dry, mature"
634,Murad Resurgence Renewing Eye Cream (15ml),£65.00,"dry, mature"
635,La Roche-Posay Pigmentclar Eyes 15ml,£25.50,"Normal,Dry"
637,REN Clean Skincare Keep Young and Beautiful Firm and Lift Eye Cream,£33.00,"normal,dry,sensitive"
639,DECLÉOR Jasmine Eye Cream 15ml,£25.90,"Dry,Sensitive"
641,Clinique Repairwear Anti-Gravity Eye Cream 15ml,£39.50,dry
642,First Aid Beauty Eye Duty Triple Remedy Overnight Balm (15ml),£28.00,"dry, sensitive"
643,Lumene Nordic Hydra [Lähde] Purity Dew Drops Hydrating Eye Gel 15ml,£14.90,"dry, sensitive"
644,L'Oréal Paris Absolute Eye and Lip Make-Up Remover 125ml,£5.49,"dry,sensitive"
645,Elemis Peptide Eye Recovery Cream 15ml,£38.00,"dry,sensitive"
646,Goldfaden MD Bright Eyes Dark Circle Radiance Concentrate 15ml,£32.16,"dry,sensitive"
648,Clinique Pep Start Eye Cream 15ml,£24.00,"dry,sensitive"
649,Lancôme Rénergie Multi-Lift Eye Cream 15ml,£44.55,"dry, mature"
651,Avène Refreshing Eye Contour 15ml,£16.00,"Normal,Dry"
652,Manuka Doctor ApiNourish Age-Defying Eye Cream 15ml,£10.99,"dry, mature"
653,VICHY Aqualia Thermal Eye Awakening Balm (15ml),£15.00,"dry, sensitive"
655,Medik8 Eyelift Peptides 15ml,£38.00,"dry, sensitive"
656,Shiseido Exclusive Ultimune Eye Power Infusing Eye Concentrate 15ml,£58.00,"normal,dry"
657,Dermalogica Total Eye Care 15ml,£40.50,"normal,dry,sensitive"
658,Dermalogica Intensive Eye Repair (15ml),£44.55,"dry,sensitive"
659,benefit It's Potent Brightening Eye Cream 14g,£29.00,"dry,sensitive"
660,DECLÉOR Prolagène Lift Lavandula Iris - Lift and Firm Eye Care 15ml,£35.00,"Dry,Sensitive"
662,Instant Effects Instant Eye Lift,£24.99,"dry, sensitive"
664,Murad Essential C Eye Cream SPF15 15ml,£60.00,"dry,sensitive"
665,Medik8 r-Retinoate Day and Night Eye Serum 15ml,£90.00,"dry, mature"
668,SVR Palpebral by Topialyse Eye Cream 15ml,£15.00,"dry,sensitive"
669,Liz Earle Superskin Eye Cream 15ml,£39.00,"dry,sensitive"
670,bareMinerals Ageless Genius Firming and Wrinkle Smoothing Eye Cream 15g,£37.00,"dry, mature"
674,Zelens Triple Action Advanced Eye Cream,£80.00,"dry, normal, mature"
675,Clinique Superdefense SPF20 Age Defense Eye Cream 15ml,£31.50,"dry, normal, combination, sensitive"
677,Peter Thomas Roth Retinol Eye Care 15ml,£46.00,"dry, mature"
679,Sukin Purely Ageless Eye Cream 20ml,£15.95,dry
680,SkinCeuticals A.G.E. Eye Complex Cream 15ml,£85.00,"dry, mature"
681,Benton Fermentation Eye Cream 30g,£25.00,"Dry, sensitive"
682,Estée Lauder Take It Away Gentle Eye and Lip Longwear Makeup Remover 100ml,£18.90,"dry, sensitive"
683,Sarah Chapman Lash Boosting Eye Cleanse 70ml,£33.00,"dry,sensitive"
684,Sanctuary Spa Power Peptide Awakening Eye Serum 15ml,£16.50,"normal,dry"
686,RapidEye Firming Wrinkle Smoother 15ml,£21.55,"dry, mature"
687,Dermalogica Stress Positive Eye Lift 25ml,£52.65,"dry, sensitive"
688,Aesop Parsley Seed Anti-Oxidant Eye Cream 10ml,£63.00,dry
689,SVR Densitium Lifting + Firming Eye Contour Cream -15ml,£36.00,"dry,sensitive"
690,Lumene Nordic C [Valo] Bright Eyes All-In-One Treatment 15ml,£19.90,"dry, sensitive"
691,Perricone MD Essential Fx Acyl-Glutathione: Eyelid Lift Serum,£89.00,"dry, mature"
692,Natio Ageless Brightening Eye Cream (20g),£12.40,"dry, mature"
695,MAC Fast Response Eye Cream 15ml,£22.00,"oily,dry,sensitive"
697,Sukin Eye Serum (30ml),£14.95,"dry,sensitive"
698,VICHY LiftActiv Serum 10 Eyes & Lashes 15ml,£27.00,"dry,sensitive"
699,Perricone MD Cold Plasma Plus Eye Cream 15ml,£80.00,"dry,sensitive"
700,REN Clean Skincare Keep Young and Beautiful Instant Brightening Beauty Shot Eye Lift 15ml,£33.00,"normal,dry,sensitive"
701,CeraVe Hydrating Cleanser 236ml,£9.50,"dry, sensitive"
702,CeraVe Hydrating Cleanser 473ml,£15.00,"dry,sensitive"
703,The Ordinary Squalane Cleanser Supersize Exclusive 150ml,£14.20,"dry, sensitive"
707,Elemis Pro-Collagen Cleansing Balm 105g,£44.00,"dry, sensitive"
708,FARMACY Green Clean Make Up Meltaway Cleansing Balm 100ml,£32.00,"dry, sensitive"
712,Emma Hardie Moringa Cleansing Balm with Professional Cleansing Cloth 100ml,£47.00,"dry, sensitive"
719,Liz Earle Cleanse & Polish 100ml Pump,£15.50,"oily,dry,sensitive"
724,OSKIA Renaissance Cleansing Gel (100ml),£35.00,"dry,sensitive"
736,Eve Lom Cleanser 200ml,£85.00,dry
748,Avène Gentle Milk Cleanser,£11.50,"dry, sensitive"
751,Sukin Foaming Facial Cleanser (125ml),£7.95,"dry,sensitive"
755,L'Oréal Paris Fine Flowers Cleansing Wash 150ml,£3.99,"dry,normal"
757,REN Evercalm™ Gentle Cleansing Milk 150ml,£20.00,"dry,sensitive"
764,DHC Face Wash Powder (50g),£11.00,"dry,sensitive"
769,Lancôme Crème Mousse Confort Creamy Foaming Cleanser 125ml,£22.50,"dry, sensitive"
770,Eve Lom Cleanser 100ml,£55.00,dry
779,Bobbi Brown Soothing Cleansing Oil 200ml,£35.00,"dry,sensitive"
780,L'Oréal Paris Fine Flowers Cleansing Cream 200ml,£7.99,dry
781,Antipodes Hallelujah Lime & Patchouli Cleanser 200ml,£22.99,dry
790,L'Oréal Paris Fine Flowers Cleansing Milk 400ml,£5.99,"dry, sensitive"
797,Neutrogena Hydro Boost Cleanser Wipes (25 Wipes),£4.99,"normal,dry"
800,Pai Skincare Light Work Rosehip Cleansing Oil 145ml,£36.00,dry
801,The Ordinary Squalane Cleanser 50ml,£5.80,"dry, sensitive"
802,PIXI Makeup Melting Cleansing Cloths (40 Wipes),£10.00,"dry, sensitive"
805,ESPA Optimal Skin ProCleanser 100ml,£32.00,"dry,sensitive"
807,DECLÉOR Cleansing Milk 200ml,£18.20,"dry,normal,combination"
810,Neal's Yard Remedies Rehydrating Rose Facial Wash 100ml,£17.00,"dry,sensitive"
813,Avene Cold Cream Ultra Rich Cleansing Bar,£5.00,"dry, sensitive"
814,Estée Lauder Nutritious Micro-Algae Cleansing Bar,£18.00,"dry, normal"
821,Liz Earle Instant Boost Skin Tonic 200ml Bottle,£16.00,"normal,dry,sensitive"
828,PIXI Rose Tonic 250ml,£18.00,"dry, sensitive"
830,Sukin Hydrating Mist Toner (125ml),£7.95,"normal, dry"
834,PIXI Milky Tonic 100ml,£10.00,"dry, sensitive"
839,Estée Lauder Micro Essence Skin Activating Treatment Lotion Fresh with Sakura Ferment 200ml,£79.00,"Dry, normal, combination, sensitive"
840,Lancôme Tonique Confort Toner 200ml,£24.30,"dry, sensitive"
841,Lancôme Tonique Confort Toner 400ml,£37.35,"dry,sensitive"
843,First Aid Beauty Ultra Repair Wild Oat Soothing Toner 180ml,£19.00,"dry,sensitive"
850,Sanctuary Spa Daily Glow Radiance Tonic 150ml,£10.00,"dry, normal, combination"
851,PIXI Milky Tonic 250ml,£18.00,"dry, sensitive"
